title,src,width,height,inscription_url,inscription_number,preview
Flappy Chikun,https://litecoin.earlyordies.com/content/9e032f09c80d42a04ef152cdc3d5ed654ce54ad4c09de0b6a0e82bc43ce9b58ei0,300,435,https://litecoin.earlyordies.com/inscription/9e032f09c80d42a04ef152cdc3d5ed654ce54ad4c09de0b6a0e82bc43ce9b58ei0,LTC Insc. 2014,https://i.imgur.com/vJ1xQdi.png
Flappy Wizards,https://ordinals.com/content/c692050303c31b623283d9487bfa18f04e8f4ee470066d7e960589740f8d90fai0,300,435,https://ordinals.com/inscription/c692050303c31b623283d9487bfa18f04e8f4ee470066d7e960589740f8d90fai0,BTC Insc. 400449,https://i.imgur.com/eKTWrZ7.png
Shuttledeck (2021) by Ariel Wexler,https://ordinals.com/content/b0cfb1b2b7f0e1e2ebc3d2b8713eb2a91b790c949e7a1f36943bd239978aa202i0,854,480,https://ordinals.com/content/b0cfb1b2b7f0e1e2ebc3d2b8713eb2a91b790c949e7a1f36943bd239978aa202i0,BTC Insc. 67532,https://i.imgur.com/zuKyuf5.jpg
First Contact (2021) by Mark Vasilkov,https://ordinals.com/content/e36d1cbb84142c852367326df406e2abea715d92eee7a127d5fefef380333807i0,854,480,https://ordinals.com/content/e36d1cbb84142c852367326df406e2abea715d92eee7a127d5fefef380333807i0,BTC Insc. 67533,https://i.imgur.com/H83ae5T.jpg
Billionaire Space Golf (2021) by Niklas Berg,https://ordinals.com/content/dd216c45cdc0d8268c4bcfab09af457538c3060b03624ac605d1cd62745d6d08i0,854,480,https://ordinals.com/content/dd216c45cdc0d8268c4bcfab09af457538c3060b03624ac605d1cd62745d6d08i0,BTC Insc. 67534,https://i.imgur.com/oVBe6P9.jpg
Bit Butcher (2022) by Luke / Deathray,https://ordinals.com/content/ce4f00eb1d69153fe330f83ad4375313ea366882f30cccd916161f5837d2e811i0,854,480,https://ordinals.com/content/ce4f00eb1d69153fe330f83ad4375313ea366882f30cccd916161f5837d2e811i0,BTC Insc. 67535,https://i.imgur.com/Yuvs7Xs.jpg
Highway 404 (2020) by Jerome Lecomte,https://ordinals.com/content/99260cb934c95ab0bd747390e83a91ad2ebf567c553a40d867f22dcbaec49d1ai0,854,480,https://ordinals.com/content/99260cb934c95ab0bd747390e83a91ad2ebf567c553a40d867f22dcbaec49d1ai0,BTC Insc. 67536,https://i.imgur.com/v3dIVY5.jpg
Packabunchas (2021) by Mattia Fortunati,https://ordinals.com/content/0c867f77e4d2616c5a6e2a5902598664b4a0eefb3e15a1a0fb4258e2e669652ei0,854,480,https://ordinals.com/content/0c867f77e4d2616c5a6e2a5902598664b4a0eefb3e15a1a0fb4258e2e669652ei0,BTC Insc. 67537,https://i.imgur.com/olf8hNf.jpg
Re-Wire (2018) by Jan Mankopf,https://ordinals.com/content/57bb42e2586d1a0cbfd495f1f4a5ed6719c1a3bfc666dec03fe3f443ef33cf2fi0,854,480,https://ordinals.com/content/57bb42e2586d1a0cbfd495f1f4a5ed6719c1a3bfc666dec03fe3f443ef33cf2fi0,BTC Insc. 67538,https://i.imgur.com/nohPDh9.jpeg
Stand By Me (2022) by Jerome Lecomte,https://ordinals.com/content/0671050c20f7d479c930bf58d65c7a7ecad316713981a49943f9f0a4f7f1a133i0,854,480,https://ordinals.com/content/0671050c20f7d479c930bf58d65c7a7ecad316713981a49943f9f0a4f7f1a133i0,BTC Insc. 67539,https://i.imgur.com/Klrlh0N.jpeg
Submersible Warship 2063 (2018) by Jerome Lecomte,https://ordinals.com/content/437212941bf80cfcb2ed612df98872a3fd129dd3e394dad23be58be18a6a7d38i0,854,480,https://ordinals.com/content/437212941bf80cfcb2ed612df98872a3fd129dd3e394dad23be58be18a6a7d38i0,BTC Insc. 67540,https://i.imgur.com/mkfHHi5.jpeg
MINIPUNK (2020) by Cody Ebberson,https://ordinals.com/content/1f83f49a55c11a9eacb7bd4ffdaecffcb8ede11d5df239d253229f9cd46aa03bi0,854,480,https://ordinals.com/content/1f83f49a55c11a9eacb7bd4ffdaecffcb8ede11d5df239d253229f9cd46aa03bi0,BTC Insc. 67541,https://i.imgur.com/kgDbHTe.jpeg
The Adventures of Captain Callisto (2021) by Cody Ebberson,https://ordinals.com/content/f2bcb30f5f16edb1a7850b9f7a9edd21fb9d1d6def20f422364022e3ef92b33ei0,854,480,https://ordinals.com/content/f2bcb30f5f16edb1a7850b9f7a9edd21fb9d1d6def20f422364022e3ef92b33ei0,BTC Insc. 67542,https://i.imgur.com/REfIHke.jpeg
Enmeshed (2018) by Mark Barr,https://ordinals.com/content/c196f52182c62e56448561e4997477f6c21e0df982b674bcd9cd965639881f3fi0,854,480,https://ordinals.com/content/c196f52182c62e56448561e4997477f6c21e0df982b674bcd9cd965639881f3fi0,BTC Insc. 67543,https://i.imgur.com/emcorhZ.jpeg
Beyonder (2022) by sirxemic,https://ordinals.com/content/36b0c460ea8de1233b61ff5a5565494ce802ff5caafbcde75db32b451a69913fi0,854,480,https://ordinals.com/content/36b0c460ea8de1233b61ff5a5565494ce802ff5caafbcde75db32b451a69913fi0,BTC Insc. 67544,https://i.imgur.com/hJdzCaq.jpeg
Island Not Found (2020) by Ben Clark and Salvatore Previti,https://ordinals.com/content/b95942b0959d0fe4469e2e0db6d1414a54a4f115c431ced184df92a4fd9f2b47i0,854,480,https://ordinals.com/content/b95942b0959d0fe4469e2e0db6d1414a54a4f115c431ced184df92a4fd9f2b47i0,BTC Insc. 67545,https://i.imgur.com/I3R9XpN.jpeg
Exo (2018) by Jack Oatley & ai Doge,https://ordinals.com/content/79b333a9250fb6cc2dda2eb9f7bca1ccef4693b33232c29adc6bcd3d7371d35ci0,854,480,https://ordinals.com/content/79b333a9250fb6cc2dda2eb9f7bca1ccef4693b33232c29adc6bcd3d7371d35ci0,BTC Insc. 67546,https://i.imgur.com/XUM2kTI.jpeg
Space Huggers (2021) by Frank Force,https://ordinals.com/content/7cbcf9c6b243680f523d7a58ab95527d279c41001b4ae75c52877ff5b59c6e60i0,854,480,https://ordinals.com/content/7cbcf9c6b243680f523d7a58ab95527d279c41001b4ae75c52877ff5b59c6e60i0,BTC Insc. 67547,https://i.imgur.com/8eFFNwY.png
Omega Glitch (2016) by Carson Barlow,https://ordinals.com/content/7b994ad3e4669078a2b6106b2df3e572d71a8758bcdb44c8703e032eaed77074i0,854,480,https://ordinals.com/content/7b994ad3e4669078a2b6106b2df3e572d71a8758bcdb44c8703e032eaed77074i0,BTC Insc. 67548,https://i.imgur.com/1aFLXzj.jpeg
CHOCH (2020) by kostik1337 & lampysprites,https://ordinals.com/content/37062211d411401d412c21f9fbc7115076cd52a01b65c9b15343da311771e07bi0,854,480,https://ordinals.com/content/37062211d411401d412c21f9fbc7115076cd52a01b65c9b15343da311771e07bi0,BTC Insc. 67549,https://i.imgur.com/ZrL9l45.jpeg
Fourfold (2020) by Saud,https://ordinals.com/content/830f8ac7d1852dd6bfd7bd85d90f52e2db7e3c8cceb21d6871b30cf809213380i0,854,480,https://ordinals.com/content/830f8ac7d1852dd6bfd7bd85d90f52e2db7e3c8cceb21d6871b30cf809213380i0,BTC Insc. 67550,https://i.imgur.com/JpvGBCS.jpeg
Sojuz 404 (2020) by Markus Fisch,https://ordinals.com/content/5e8c2aabd22120d4df38f73f31f559da148b62bbb652e40c339bafdb47688087i0,854,480,https://ordinals.com/content/5e8c2aabd22120d4df38f73f31f559da148b62bbb652e40c339bafdb47688087i0,BTC Insc. 67551,https://i.imgur.com/QlNQyR2.jpeg
Roll Tanks (2020) by David Durham,https://ordinals.com/content/dc172c945db92f1b1107d71691dc309a23a0740fcccbc6a2a678e106f6257fa0i0,854,480,https://ordinals.com/content/dc172c945db92f1b1107d71691dc309a23a0740fcccbc6a2a678e106f6257fa0i0,BTC Insc. 67552,https://i.imgur.com/MxvaxQU.jpeg
Stolen Sword (2020) by Ian Chiao,https://ordinals.com/content/5a73da3450998e034da5c4e18810d1389c2015e3e8c3bae0d8501fdd79daa1a4i0,854,480,https://ordinals.com/content/5a73da3450998e034da5c4e18810d1389c2015e3e8c3bae0d8501fdd79daa1a4i0,BTC Insc. 67553,https://i.imgur.com/uAuKS7D.jpeg
Snake vs Invaders (2019) by Baturinsky,https://ordinals.com/content/3643e1d2b140ea95c9862169530d6a3ed10d1cefc5256e8e43eeeb4ad8d4b0aei0,854,480,https://ordinals.com/content/3643e1d2b140ea95c9862169530d6a3ed10d1cefc5256e8e43eeeb4ad8d4b0aei0,BTC Insc. 67554,https://i.imgur.com/5VViD8f.jpeg
Another Day at the Website Factory (2020) by razh,https://ordinals.com/content/cea705ed37fc3776800ae4dab078692134162a983f8c3fa13c45d4fbd90c49b8i0,854,480,https://ordinals.com/content/cea705ed37fc3776800ae4dab078692134162a983f8c3fa13c45d4fbd90c49b8i0,BTC Insc. 67555,https://i.imgur.com/cnly8u8.jpeg
Sopwith Back (2019) by elementalsystems,https://ordinals.com/content/55c3f1f34eec5dbb173a5c41bddcbd4ecc14890a658a5694d7ff76b6ae3e79b8i0,854,480,https://ordinals.com/content/55c3f1f34eec5dbb173a5c41bddcbd4ecc14890a658a5694d7ff76b6ae3e79b8i0,BTC Insc. 67556,https://i.imgur.com/PRNKgXQ.jpeg
Dwarfs: There and Back Again (2019) by mvasilkov,https://ordinals.com/content/8b44d0a0858a3440ba05b8c86e9adc579857ae1152ef2923b81b9a3c8b61fdb8i0,854,480,https://ordinals.com/content/8b44d0a0858a3440ba05b8c86e9adc579857ae1152ef2923b81b9a3c8b61fdb8i0,BTC Insc. 67557,https://i.imgur.com/SLMXoZ2.jpeg
Escape (2021) by Piesku,https://ordinals.com/content/06c0ebcce28626150b89967c3307be714f95dd587eeae16c32c0ad0551aeaebci0,854,480,https://ordinals.com/content/06c0ebcce28626150b89967c3307be714f95dd587eeae16c32c0ad0551aeaebci0,BTC Insc. 67558,https://i.imgur.com/suyfvZY.jpeg
Retrohaunt (2019) by Donitz,https://ordinals.com/content/6d2cfb77aa350d34ae2f0cc9565f091435bfce2250ad128248941460702e5ebei0,854,480,https://ordinals.com/content/6d2cfb77aa350d34ae2f0cc9565f091435bfce2250ad128248941460702e5ebei0,BTC Insc. 67559,https://i.imgur.com/R1bCSIz.jpeg
404kph (2020) by jaburns,https://ordinals.com/content/7c4b45c1b6530e12da2e70b34b067f6125bf9958766a4e6f68643d0bc7b35fc2i0,854,480,https://ordinals.com/content/7c4b45c1b6530e12da2e70b34b067f6125bf9958766a4e6f68643d0bc7b35fc2i0,BTC Insc. 67560,https://i.imgur.com/HYaILTt.jpeg
Deathâ€™s Apprentice (2022) by Christoph Schansky,https://ordinals.com/content/4b642533ce94341273ca1bfe4b5dac499ac29dd3bd068ed2b3cf7bb29660a0d7i0,854,480,https://ordinals.com/content/4b642533ce94341273ca1bfe4b5dac499ac29dd3bd068ed2b3cf7bb29660a0d7i0,BTC Insc. 67561,https://i.imgur.com/ZcfID42.jpeg
Black Hole Square (2021) by Quinten Clause,https://ordinals.com/content/3e75324f5df2c88b1ebae8760e81b8b39c90a677f0b6b9e13086d28b3c6ccddfi0,854,480,https://ordinals.com/content/3e75324f5df2c88b1ebae8760e81b8b39c90a677f0b6b9e13086d28b3c6ccddfi0,BTC Insc. 67562,https://i.imgur.com/zq70UtX.jpeg
Dante (2022) by Salvatore Previti,https://ordinals.com/content/32212345c2a1607d8b5e16b5bd7a30377cbd087eccc4b4881245581a3f4ff1dfi0,854,480,https://ordinals.com/content/32212345c2a1607d8b5e16b5bd7a30377cbd087eccc4b4881245581a3f4ff1dfi0,BTC Insc. 67563,https://i.imgur.com/FqfHQs8.jpeg
Oh No! All The Textures Are 404! (2020) by piesku,https://ordinals.com/content/61c35e72ee07c05b0c02dc96ef22d6591630da59f28e2dbc84d9dd379e7f2ef1i0,854,480,https://ordinals.com/content/61c35e72ee07c05b0c02dc96ef22d6591630da59f28e2dbc84d9dd379e7f2ef1i0,BTC Insc. 67564,https://i.imgur.com/FmJ208g.jpeg
Lost in a Space Odyssey (2017) by MarcGuinea,https://ordinals.com/content/fdd96f3bf3917a096fe4d117bb7685bf99083853790e61a3b59dd19840ad1bf8i0,854,480,https://ordinals.com/content/fdd96f3bf3917a096fe4d117bb7685bf99083853790e61a3b59dd19840ad1bf8i0,BTC Insc. 67565,https://i.imgur.com/etVkpih.jpeg
The Wandering Wraith (2019) by Mateusz Tomczyk,https://ordinals.com/content/29ce608400eeab42c80340b42795abbd0188806d1f98a048ccd4cff44d62b615i0,854,480,https://ordinals.com/content/29ce608400eeab42c80340b42795abbd0188806d1f98a048ccd4cff44d62b615i0,BTC Insc. 67637,https://i.imgur.com/HhjY995.jpeg
xx142-b2.exe (2019) by Ben Clark and Salvatore Previti,https://ordinals.com/content/dcaad33312128dff2721016c001b35ca4c657e6c5597eac910f709378ab1eb16i0,854,480,https://ordinals.com/content/dcaad33312128dff2721016c001b35ca4c657e6c5597eac910f709378ab1eb16i0,BTC Insc. 67638,https://i.imgur.com/SX5fCyR.jpg
The Last Spartan (2020) by Michael Ferron,https://ordinals.com/content/880cbd8c608ab83f27c6b5f8bcc71ca193a456b51f9162b961fae5fbf4835d39i0,854,480,https://ordinals.com/content/880cbd8c608ab83f27c6b5f8bcc71ca193a456b51f9162b961fae5fbf4835d39i0,BTC Insc. 67639,https://i.imgur.com/bNvHtb4.jpeg
The Neatness (2022) by Mark Vasilkov,https://ordinals.com/content/ed82caadfce4730f285ee22df00f94a8a2600ce91d6f96d0bffbcefb5742db52i0,854,480,https://ordinals.com/content/ed82caadfce4730f285ee22df00f94a8a2600ce91d6f96d0bffbcefb5742db52i0,BTC Insc. 67640,https://i.imgur.com/aHPFGMG.jpeg
Swimming With Sharks (2022) by Markus Fisch,https://ordinals.com/content/bd2d65d9132139f98e6a0d1ad2b28f25600f8c2e0b67af619f4648765efe0af8i0,854,480,https://ordinals.com/content/bd2d65d9132139f98e6a0d1ad2b28f25600f8c2e0b67af619f4648765efe0af8i0,BTC Insc. 67641,https://i.imgur.com/Gau2Ic6.jpeg
The Unavoidable (2022) by Cody Ebberson,https://ordinals.com/content/a8d23073f81ae94ba95f3309939085694e998c81d491adc9f707496adf5cecfbi0,854,480,https://ordinals.com/content/a8d23073f81ae94ba95f3309939085694e998c81d491adc9f707496adf5cecfbi0,BTC Insc. 67642,https://i.imgur.com/vXvRccC.jpg